{"cameraMode":{"drawMode":0,"name":"Shaded","section":"Shading Mode"},"sceneLighting":false,"audioPlay":false,"sceneViewState":{"showFog":true,"showMaterialUpdate":false,"showSkybox":false,"showFlares":true,"showImageEffects":true,"showParticleSystems":true},"in2DMode":false,"pivot":{"x":-0.4170081615447998,"y":3.930542469024658,"z":-0.5291411876678467},"rotation":{"x":-0.21938227117061616,"y":-0.21397583186626435,"z":0.04938101768493652,"w":-0.9506096839904785},"size":2.180384635925293,"orthographic":false}