{"cameraMode":{"drawMode":0,"name":"Shaded","section":"Shading Mode"},"sceneLighting":true,"audioPlay":false,"sceneViewState":{"showFog":true,"showMaterialUpdate":false,"showSkybox":true,"showFlares":true,"showImageEffects":true,"showParticleSystems":true},"in2DMode":false,"pivot":{"x":-2.576533317565918,"y":3.094620704650879,"z":0.13612651824951173},"rotation":{"x":-0.06769425421953201,"y":-0.04428917542099953,"z":0.0030113919638097288,"w":-0.9967581033706665},"size":1.2077665328979493,"orthographic":false}