{"cameraMode":{"drawMode":0,"name":"Shaded","section":"Shading Mode"},"sceneLighting":true,"audioPlay":false,"sceneViewState":{"showFog":true,"showMaterialUpdate":false,"showSkybox":true,"showFlares":true,"showImageEffects":true,"showParticleSystems":true},"in2DMode":false,"pivot":{"x":-3.265617609024048,"y":5.487697124481201,"z":-4.261458873748779},"rotation":{"x":0.22027020156383515,"y":0.3396734595298767,"z":-0.08215989172458649,"w":0.9107112884521484},"size":1.6665832996368409,"orthographic":false}